{
  "token_acc":1.0,
  "token_p":1.0,
  "token_r":1.0,
  "token_f":1.0,
  "cats_score":0.3233546493,
  "cats_score_desc":"macro F",
  "cats_micro_p":0.7425565256,
  "cats_micro_r":0.4128908584,
  "cats_micro_f":0.5306945267,
  "cats_macro_p":0.5467050163,
  "cats_macro_r":0.2481143492,
  "cats_macro_f":0.3233546493,
  "cats_macro_auc":0.8567168774,
  "cats_f_per_type":{
    "POLITICS":{
      "p":0.8048694425,
      "r":0.7036865649,
      "f":0.7508847008
    },
    "WELLNESS":{
      "p":0.6907304571,
      "r":0.4651898734,
      "f":0.5559566787
    },
    "ENTERTAINMENT":{
      "p":0.7272350993,
      "r":0.5597323989,
      "f":0.6325832583
    },
    "TRAVEL":{
      "p":0.8120854827,
      "r":0.5477137177,
      "f":0.6542000594
    },
    "BUSINESS":{
      "p":0.6092715232,
      "r":0.2462087422,
      "f":0.3506988564
    },
    "PARENTS":{
      "p":0.5158730159,
      "r":0.1660280971,
      "f":0.2512077295
    },
    "GREEN":{
      "p":0.4523809524,
      "r":0.1106796117,
      "f":0.1778471139
    },
    "STYLE & BEAUTY":{
      "p":0.856010568,
      "r":0.6532258065,
      "f":0.7409948542
    },
    "TECH":{
      "p":0.6888888889,
      "r":0.2128146453,
      "f":0.3251748252
    },
    "MEDIA":{
      "p":0.6326530612,
      "r":0.2283609576,
      "f":0.3355886333
    },
    "QUEER VOICES":{
      "p":0.8264669164,
      "r":0.5143745144,
      "f":0.6340996169
    },
    "BLACK VOICES":{
      "p":0.613003096,
      "r":0.2244897959,
      "f":0.3286307054
    },
    "IMPACT":{
      "p":0.4892086331,
      "r":0.0977011494,
      "f":0.1628742515
    },
    "HEALTHY LIVING":{
      "p":0.4889502762,
      "r":0.1318926975,
      "f":0.2077464789
    },
    "CRIME":{
      "p":0.6260623229,
      "r":0.34,
      "f":0.4406779661
    },
    "DIVORCE":{
      "p":0.8732718894,
      "r":0.5445402299,
      "f":0.6707964602
    },
    "SPORTS":{
      "p":0.7922948074,
      "r":0.4655511811,
      "f":0.5864848109
    },
    "COMEDY":{
      "p":0.7253668763,
      "r":0.3239700375,
      "f":0.4478964401
    },
    "STYLE":{
      "p":0.6299212598,
      "r":0.1731601732,
      "f":0.2716468591
    },
    "HOME & LIVING":{
      "p":0.859047619,
      "r":0.5318396226,
      "f":0.6569555717
    },
    "WEDDINGS":{
      "p":0.8857142857,
      "r":0.5636363636,
      "f":0.6888888889
    },
    "SCIENCE":{
      "p":0.78,
      "r":0.2647058824,
      "f":0.3952702703
    },
    "PARENTING":{
      "p":0.6301239276,
      "r":0.3770678836,
      "f":0.471805853
    },
    "THE WORLDPOST":{
      "p":0.5901162791,
      "r":0.28,
      "f":0.3797942002
    },
    "FIFTY":{
      "p":0.0,
      "r":0.0,
      "f":0.0
    },
    "FOOD & DRINK":{
      "p":0.778597786,
      "r":0.5003952569,
      "f":0.6092396535
    },
    "TASTE":{
      "p":0.5,
      "r":0.0698689956,
      "f":0.122605364
    },
    "COLLEGE":{
      "p":0.0,
      "r":0.0,
      "f":0.0
    },
    "RELIGION":{
      "p":0.6602564103,
      "r":0.2068273092,
      "f":0.3149847095
    },
    "ENVIRONMENT":{
      "p":0.0,
      "r":0.0,
      "f":0.0
    },
    "WOMEN":{
      "p":0.511627907,
      "r":0.1519337017,
      "f":0.2342917998
    },
    "WEIRD NEWS":{
      "p":0.465648855,
      "r":0.1193737769,
      "f":0.1900311526
    },
    "MONEY":{
      "p":0.6071428571,
      "r":0.0480225989,
      "f":0.0890052356
    },
    "CULTURE & ARTS":{
      "p":1.0,
      "r":0.0765765766,
      "f":0.1422594142
    },
    "WORLD NEWS":{
      "p":0.3664122137,
      "r":0.112412178,
      "f":0.1720430108
    },
    "WORLDPOST":{
      "p":0.5572519084,
      "r":0.1372180451,
      "f":0.2202111614
    },
    "GOOD NEWS":{
      "p":0.0,
      "r":0.0,
      "f":0.0
    },
    "LATINO VOICES":{
      "p":0.0,
      "r":0.0,
      "f":0.0
    },
    "EDUCATION":{
      "p":0.0,
      "r":0.0,
      "f":0.0
    },
    "ARTS":{
      "p":0.3684210526,
      "r":0.0234899329,
      "f":0.0441640379
    },
    "ARTS & CULTURE":{
      "p":0.0,
      "r":0.0,
      "f":0.0
    }
  },
  "cats_auc_per_type":{
    "POLITICS":0.9502369552,
    "WELLNESS":0.9387964183,
    "ENTERTAINMENT":0.9385012768,
    "TRAVEL":0.9637132715,
    "BUSINESS":0.8893060256,
    "PARENTS":0.9089890852,
    "GREEN":0.8966752598,
    "STYLE & BEAUTY":0.9688795523,
    "TECH":0.9045776785,
    "MEDIA":0.8872855674,
    "QUEER VOICES":0.9412204438,
    "BLACK VOICES":0.8893578032,
    "IMPACT":0.8583827354,
    "HEALTHY LIVING":0.8751062576,
    "CRIME":0.9397859593,
    "DIVORCE":0.9660108439,
    "SPORTS":0.9571977347,
    "COMEDY":0.884785195,
    "STYLE":0.904752692,
    "HOME & LIVING":0.9663480075,
    "WEDDINGS":0.9631019242,
    "SCIENCE":0.8835160556,
    "PARENTING":0.9358628064,
    "THE WORLDPOST":0.9451214717,
    "FIFTY":0.6300839918,
    "FOOD & DRINK":0.9696387458,
    "TASTE":0.8776931333,
    "COLLEGE":0.624048589,
    "RELIGION":0.9031398597,
    "ENVIRONMENT":0.6141635238,
    "WOMEN":0.8669931768,
    "WEIRD NEWS":0.8883974109,
    "MONEY":0.85528314,
    "CULTURE & ARTS":0.6653751709,
    "WORLD NEWS":0.9186395848,
    "WORLDPOST":0.9075489207,
    "GOOD NEWS":0.7218498097,
    "LATINO VOICES":0.5106736462,
    "EDUCATION":0.6713646717,
    "ARTS":0.7850525954,
    "ARTS & CULTURE":0.5579349818
  },
  "speed":252668.5667051394
}